{
  "feature_order": [
    "Age",
    "MENOPAYAGE",
    "Edu",
    "SEX",
    "Tinnitus",
    "HEADPHONE",
    "HBP",
    "BIRPLACE",
    "SMOKE",
    "DIA",
    "DRINK"
  ],
  "mappings": {
    "Age": {
      "0.0": -2.6933647425095497,
      "1.0": -2.2722576495177402,
      "2.0": -1.8511505565259307,
      "3.0": -1.4300434635341213,
      "4.0": -1.0089363705423116,
      "5.0": -0.5878292775505022,
      "6.0": -0.16672218455869262,
      "7.0": 0.2543849084331169,
      "8.0": 0.6754920014249265,
      "9.0": 1.096599094416736,
      "10.0": 1.5177061874085456,
      "11.0": 1.938813280400355,
      "12.0": 2.3599203733921645,
      "13.0": 2.781027466383974,
      "14.0": 3.2021345593757835,
      "16.0": 3.6232416523675934
    },
    "MENOPAYAGE": {
      "0": -2.1548094773077144,
      "1": 0.4640781519345418
    },
    "Edu": {
      "1": -2.4291244071576483,
      "2": -1.5348383974498157,
      "3": -0.640552387741983,
      "4": 0.2537336219658497,
      "5": 1.1480196316736824,
      "6": 2.042305641381515
    },
    "SEX": {
      "1": -1.2908463904236342,
      "2": 0.7746855144180377
    },
    "Tinnitus": {
      "0": -0.3918672105345585,
      "1": 2.5518848556781992
    },
    "HEADPHONE": {
      "1.0": -0.4777023468403207,
      "2.0": 0.6409727813152062,
      "3.0": 1.7596479094707331,
      "4.0": 2.87832303762626
    },
    "HBP": {
      "0": 0.21491378134557504,
      "1": 2.7480725006194704,
      "99": 0.6488930611873975
    },
    "BIRPLACE": {
      "1.0": 1.6761059806323972,
      "2.0": 3.9280053907009287
    },
    "SMOKE": {
      "0.0": 1.1340010923143782,
      "1.0": 6.099449883669529,
      "2.0": 3.128062119729857
    },
    "DIA": {
      "0": 1.259037945203518,
      "1": 4.608228498771859,
      "99": 2.8779275491806926
    },
    "DRINK": {
      "0.0": 2.142149512468204,
      "1.0": 9.240480836922972,
      "2.0": 4.008608896714528
    }
  }
}
